{
    "class_mapping": {
        "0": 0,
        "1": 1,
        "3": 2,
        "4": 3,
        "6": 4
    },
    "class_names": [
        "T-shirt/top",
        "Trouser",
        "Dress",
        "Coat",
        "Shirt"
    ],
    "timestamp": "20250523_111037",
    "model_path": "models/fashion_model_20250523_111037.h5",
    "best_model_path": "models/best_model_20250523_111037.h5",
    "training_samples": 24000,
    "validation_samples": 6000,
    "test_samples": 5000,
    "test_accuracy": 0.8718000054359436,
    "best_accuracy": 0.8718000054359436
}